Gene I,Gene ID,Gene,Source
Ocbimv22015878,Ocbimv22015878m,5HTR1,miniN Search
Ocbimv22023989,Ocbimv22023989m,5HTR1,miniN Search
Ocbimv22029429,Ocbimv22029429m,5HTR1/2,miniN Search
Ocbimv22021501,Ocbimv22021501m,5HTR2,miniN Search
Ocbimv22036834,Ocbimv22036834m,5HTR2C,miniN Search
Ocbimv22009347,Ocbimv22009347m,5HTR4,miniN Search
Ocbimv22016174,Ocbimv22016174m,5HTR6,miniN Search
Ocbimv22012958,Ocbimv22012958m,Acetylcholinesterase/neuroligin,miniN Search
Ocbimv22017577,Ocbimv22017577m,Acetylcholinesterase/neuroligin,miniN Search
Ocbimv22006431,Ocbimv22006431m,Acid Sensing Ion Channel,miniN Search
Ocbimv22028050,Ocbimv22028050m,Acid Sensing Ion Channel,miniN Search
Ocbimv22030190,Ocbimv22030190m,Acid Sensing Ion Channel,miniN Search
Ocbimv22035600,Ocbimv22035600m,Acid Sensing Ion Channel,miniN Search
Ocbimv22018643,Ocbimv22018643m,ADAR,miniN Search
Ocbimv22018644,Ocbimv22018644m,ADAR,Genome reBLAST
Ocbimv22010033,Ocbimv22010033m,ADAR-like,miniN Search
Ocbimv22009676,Ocbimv22009676m,ADAR2,miniN Search
Ocbimv22027735,Ocbimv22027735m,ADAT,miniN Search
Ocbimv22006465,Ocbimv22006465m,ADMP,miniN Search
Ocbimv22016435,Ocbimv22016435m,Amiloride sensitive sodium channel,Genome reBLAST
Ocbimv22000036,Ocbimv22000036m,Aquaporin,miniN Search
Ocbimv22000037,Ocbimv22000037m,Aquaporin,Genome reBLAST
Ocbimv22007562,Ocbimv22007562m,Aquaporin,miniN Search
Ocbimv22008403,Ocbimv22008403m,Aquaporin,miniN Search
Ocbimv22009090,Ocbimv22009090m,Aquaporin,miniN Search
Ocbimv22009092,Ocbimv22009092m,Aquaporin,miniN Search
Ocbimv22011526,Ocbimv22011526m,Aquaporin,miniN Search
Ocbimv22022904,Ocbimv22022904m,Aquaporin,miniN Search
Ocbimv22031772,Ocbimv22031772m,Aquaporin,miniN Search
Ocbimv22031773,Ocbimv22031773m,Aquaporin,Genome reBLAST
Ocbimv22031774,Ocbimv22031774m,Aquaporin,Genome reBLAST
Ocbimv22032482,Ocbimv22032482m,Aquaporin,miniN Search
Ocbimv22038019,Ocbimv22038019m,Aquaporin,miniN Search
Ocbimv22038244,Ocbimv22038244m,Aquaporin,miniN Search
Ocbimv22038388,Ocbimv22038388m,Aquaporin,miniN Search
Ocbimv22038830,Ocbimv22038830m,Aquaporin,miniN Search
Ocbimv22022530,Ocbimv22022530m,Aromatic-L-Amino-Acid Decarboxylase,miniN Search
Ocbimv22019847,Ocbimv22019847m,Aromatic-L-Amino-Acid Decarboxylase Like,miniN Search
Ocbimv22019848,Ocbimv22019848m,Aromatic-L-Amino-Acid Decarboxylase Like,miniN Search
Ocbimv22022526,Ocbimv22022526m,Aromatic-L-Amino-Acid Decarboxylase Like,miniN Search
Ocbimv22022527,Ocbimv22022527m,Aromatic-L-Amino-Acid Decarboxylase Like,miniN Search
Ocbimv22022529,Ocbimv22022529m,Aromatic-L-Amino-Acid Decarboxylase Like,miniN Search
Ocbimv22000734,Ocbimv22000734m,Beta Tubulin,miniN Search
Ocbimv22000735,Ocbimv22000735m,Beta Tubulin,miniN Search
Ocbimv22006314,Ocbimv22006314m,Beta Tubulin,miniN Search
Ocbimv22006874,Ocbimv22006874m,Beta Tubulin,miniN Search
Ocbimv22007862,Ocbimv22007862m,Beta Tubulin,miniN Search
Ocbimv22017540,Ocbimv22017540m,Beta Tubulin,miniN Search
Ocbimv22029114,Ocbimv22029114m,Beta Tubulin,miniN Search
Ocbimv22029847,Ocbimv22029847m,Beta Tubulin,miniN Search
Ocbimv22030159,Ocbimv22030159m,Beta Tubulin,miniN Search
Ocbimv22032594,Ocbimv22032594m,Beta Tubulin,miniN Search
Ocbimv22027714,Ocbimv22027714m,Calcium activate chloride channel,Genome reBLAST
Ocbimv22027715,Ocbimv22027715m,Calcium activate chloride channel,Genome reBLAST
Ocbimv22027716,Ocbimv22027716m,Calcium activate chloride channel,Genome reBLAST
Ocbimv22027717,Ocbimv22027717m,Calcium activate chloride channel,Genome reBLAST
Ocbimv22027719,Ocbimv22027719m,Calcium activate chloride channel,Genome reBLAST
Ocbimv22029660,Ocbimv22029660m,Calcium activate potassium channel,Genome reBLAST
Ocbimv22000725,Ocbimv22000725m,Calcium Activated Anion Channel,miniN Search
Ocbimv22002537,Ocbimv22002537m,Calcium Activated Anion Channel,miniN Search
Ocbimv22007580,Ocbimv22007580m,Calcium Activated Anion Channel,miniN Search
Ocbimv22007583,Ocbimv22007583m,Calcium Activated Anion Channel,miniN Search
Ocbimv22007792,Ocbimv22007792m,Calcium Activated Anion Channel,miniN Search
Ocbimv22027718,Ocbimv22027718m,Calcium Activated Anion Channel,miniN Search
Ocbimv22027720,Ocbimv22027720m,Calcium Activated Anion Channel,miniN Search
Ocbimv22034179,Ocbimv22034179m,Calcium Activated Anion Channel,miniN Search
Ocbimv22038096,Ocbimv22038096m,Calcium Activated Anion Channel,miniN Search
Ocbimv22000726,Ocbimv22000726m,Calcium activated chloride channel,Genome reBLAST
Ocbimv22000727,Ocbimv22000727m,Calcium activated chloride channel,Genome reBLAST
Ocbimv22000728,Ocbimv22000728m,Calcium activated chloride channel,Genome reBLAST
Ocbimv22000730,Ocbimv22000730m,Calcium activated chloride channel,Genome reBLAST
Ocbimv22002538,Ocbimv22002538m,Calcium activated chloride channel,Genome reBLAST
Ocbimv22003278,Ocbimv22003278m,Calcium Activated Potassium Channel,miniN Search
Ocbimv22003279,Ocbimv22003279m,Calcium Activated Potassium Channel,miniN Search
Ocbimv22010210,Ocbimv22010210m,Calcium Activated Potassium Channel,miniN Search
Ocbimv22029661,Ocbimv22029661m,Calcium Activated Potassium Channel,miniN Search
Ocbimv22030607,Ocbimv22030607m,Calcium Activated Potassium Channel,miniN Search
Ocbimv22035753,Ocbimv22035753m,Calcium activated potassium channel,Genome reBLAST
Ocbimv22035754,Ocbimv22035754m,Calcium Activated Potassium Channel,miniN Search
Ocbimv22037680,Ocbimv22037680m,Calcium Activated Potassium Channel,miniN Search
Ocbimv22037681,Ocbimv22037681m,Calcium Activated Potassium Channel,miniN Search
Ocbimv22037682,Ocbimv22037682m,Calcium Activated Potassium Channel,miniN Search
Ocbimv22038682,Ocbimv22038682m,Calcium Activated Potassium Channel,miniN Search
Ocbimv22038971,Ocbimv22038971m,Calcium Activated Potassium Channel,miniN Search
Ocbimv22038972,Ocbimv22038972m,Calcium activated potassium channel,Genome reBLAST
Ocbimv22039045,Ocbimv22039045m,Calcium Activated Potassium Channel,miniN Search
Ocbimv22007582,Ocbimv22007582m,Calcium activted chloride channel,Genome reBLAST
Ocbimv22034177,Ocbimv22034177m,Calcium activted chloride channel,Genome reBLAST
Ocbimv22034178,Ocbimv22034178m,Calcium activted chloride channel,Genome reBLAST
Ocbimv22034180,Ocbimv22034180m,Calcium activted chloride channel,Genome reBLAST
Ocbimv22034181,Ocbimv22034181m,Calcium activted chloride channel,Genome reBLAST
Ocbimv22000096,Ocbimv22000096m,Chloride Channel,miniN Search
Ocbimv22001420,Ocbimv22001420m,Chloride Channel,miniN Search
Ocbimv22028519,Ocbimv22028519m,Chloride Channel,miniN Search
Ocbimv22037431,Ocbimv22037431m,Chloride Channel,miniN Search
Ocbimv22004096,Ocbimv22004096m,Chloride Intracellular Channel,miniN Search
Ocbimv22028316,Ocbimv22028316m,Chloride Transporter,miniN Search
Ocbimv22028317,Ocbimv22028317m,Chloride Transporter,miniN Search
Ocbimv22014356,Ocbimv22014356m,CNG channel,Genome reBLAST
Ocbimv22008143,Ocbimv22008143m,Cyclic Nucleotide Gated Channel,miniN Search
Ocbimv22008145,Ocbimv22008145m,Cyclic Nucleotide Gated Channel,miniN Search
Ocbimv22014355,Ocbimv22014355m,Cyclic Nucleotide Gated Channel,miniN Search
Ocbimv22020406,Ocbimv22020406m,Cyclic Nucleotide Gated Channel,miniN Search
Ocbimv22027316,Ocbimv22027316m,Cyclic Nucleotide Gated Channel,miniN Search
Ocbimv22027317,Ocbimv22027317m,Cyclic Nucleotide Gated Channel,miniN Search
Ocbimv22027318,Ocbimv22027318m,Cyclic Nucleotide Gated Channel,miniN Search
Ocbimv22032884,Ocbimv22032884m,Cyclic Nucleotide Gated Channel,miniN Search
Ocbimv22004812,Ocbimv22004812m,Cysteine Sulfinic Acid Decarboxylase,miniN Search
Ocbimv22029227,Ocbimv22029227m,DBH-like monooxygenase,miniN Search
Ocbimv22029228,Ocbimv22029228m,DBH-like monooxygenase,miniN Search
Ocbimv22029229,Ocbimv22029229m,DBH-like monooxygenase,miniN Search
Ocbimv22029230,Ocbimv22029230m,DBH-like monooxygenase,miniN Search
Ocbimv22027614,Ocbimv22027614m,DCC Family,miniN Search
Ocbimv22000352,Ocbimv22000352m,DLG1-4 Like,miniN Search
Ocbimv22000353,Ocbimv22000353m,DLG1-4 Like,miniN Search
Ocbimv22032639,Ocbimv22032639m,DLG1-4 Like,miniN Search
Ocbimv22032640,Ocbimv22032640m,DLG1-4 Like,miniN Search
Ocbimv22025516,Ocbimv22025516m,DLG5 Like,miniN Search
Ocbimv22025518,Ocbimv22025518m,DLG5 Like,miniN Search
Ocbimv22022153,Ocbimv22022153m,Dopamine Receptor,miniN Search
Ocbimv22023318,Ocbimv22023318m,Excitatory Amino Acid Transporter,miniN Search
Ocbimv22023319,Ocbimv22023319m,Excitatory Amino Acid Transporter,miniN Search
Ocbimv22030963,Ocbimv22030963m,Excitatory Amino Acid Transporter,miniN Search
Ocbimv22037336,Ocbimv22037336m,Excitatory Amino Acid Transporter,miniN Search
Ocbimv22008570,Ocbimv22008570m,G protein alpha subunit,Macosko cell type markers vs genome search
Ocbimv22009358,Ocbimv22009358m,G protein alpha subunit,Macosko cell type markers vs genome search
Ocbimv22014808,Ocbimv22014808m,G protein alpha subunit,Macosko cell type markers vs genome search
Ocbimv22027354,Ocbimv22027354m,G-protein alpha subunit,Macosko cell type markers vs genome search
Ocbimv22029465,Ocbimv22029465m,G-protein alpha subunit,Macosko cell type markers vs genome search
Ocbimv22027638,Ocbimv22027638m,G-protein beta subunit,Macosko cell type markers vs genome search
Ocbimv22027639,Ocbimv22027639m,G-protein beta subunit,Macosko cell type markers vs genome search
Ocbimv22029739,Ocbimv22029739m,G-protein beta subunit,Macosko cell type markers vs genome search
Ocbimv22037149,Ocbimv22037149m,G-protein gamma subunit,Macosko cell type markers vs genome search
Ocbimv22032383,Ocbimv22032383m,G-protein subunit,Macosko cell type markers vs genome search
Ocbimv22021253,Ocbimv22021253m,GABA Receptor,miniN Search
Ocbimv22021255,Ocbimv22021255m,GABA Receptor,miniN Search
Ocbimv22022551,Ocbimv22022551m,GABA receptor,Genome reBLAST
Ocbimv22022551,Ocbimv22022551m,GABA receptor,Genome reBLAST
Ocbimv22022552,Ocbimv22022552m,GABA Receptor,miniN Search
Ocbimv22022553,Ocbimv22022553m,GABA receptor,Genome reBLAST
Ocbimv22022554,Ocbimv22022554m,GABA receptor,Genome reBLAST
Ocbimv22023995,Ocbimv22023995m,GABA Receptor,miniN Search
Ocbimv22025220,Ocbimv22025220m,GABA Receptor,miniN Search
Ocbimv22037789,Ocbimv22037789m,GABA Receptor,miniN Search
Ocbimv22027895,Ocbimv22027895m,GDF2 like,miniN Search
Ocbimv22028480,Ocbimv22028480m,GDF8/11,miniN Search
Ocbimv22034460,Ocbimv22034460m,GDF8/11,miniN Search
Ocbimv22001647,Ocbimv22001647m,Glycine Receptor,miniN Search
Ocbimv22008706,Ocbimv22008706m,Glycine Receptor,miniN Search
Ocbimv22014116,Ocbimv22014116m,Glycine Receptor,miniN Search
Ocbimv22014117,Ocbimv22014117m,Glycine Receptor,miniN Search
Ocbimv22017869,Ocbimv22017869m,Glycine Receptor,miniN Search
Ocbimv22019903,Ocbimv22019903m,Glycine Receptor,miniN Search
Ocbimv22035581,Ocbimv22035581m,Glycine Receptor,miniN Search
Ocbimv22036553,Ocbimv22036553m,Glycine Receptor,miniN Search
Ocbimv22024374,Ocbimv22024374m,Hippocalcin,Macosko cell type markers vs genome search
Ocbimv22017348,Ocbimv22017348m,Hippocalcin like,Macosko cell type markers vs genome search
Ocbimv22017349,Ocbimv22017349m,Hippocalcin like,Macosko cell type markers vs genome search
Ocbimv22017350,Ocbimv22017350m,Hippocalcin like,Macosko cell type markers vs genome search
Ocbimv22017351,Ocbimv22017351m,Hippocalcin like,Macosko cell type markers vs genome search
Ocbimv22006132,Ocbimv22006132m,Histidine Decarboxylase,miniN Search
Ocbimv22007286,Ocbimv22007286m,Hydrogen/Chloride Exchange Transporter,miniN Search
Ocbimv22023539,Ocbimv22023539m,Hydrogen/Chloride Exchange Transporter,miniN Search
Ocbimv22039204,Ocbimv22039204m,Hydrogen/Chloride Exchange Transporter,miniN Search
Ocbimv22000126,Ocbimv22000126m,Innexin,miniN Search
Ocbimv22002710,Ocbimv22002710m,Innexin,miniN Search
Ocbimv22008585,Ocbimv22008585m,Innexin,miniN Search
Ocbimv22016460,Ocbimv22016460m,Innexin,miniN Search
Ocbimv22016462,Ocbimv22016462m,Innexin,Genome reBLAST
Ocbimv22016463,Ocbimv22016463m,Innexin,Genome reBLAST
Ocbimv22016464,Ocbimv22016464m,Innexin,miniN Search
Ocbimv22016539,Ocbimv22016539m,Innexin,miniN Search
Ocbimv22027758,Ocbimv22027758m,Innexin,miniN Search
Ocbimv22027762,Ocbimv22027762m,Innexin,miniN Search
Ocbimv22027764,Ocbimv22027764m,Innexin,miniN Search
Ocbimv22013279,Ocbimv22013279m,Inward Rectifying Potassium Channel,miniN Search
Ocbimv22017081,Ocbimv22017081m,Inward rectifying potassium channel,Macosko cell type markers vs genome search
Ocbimv22017082,Ocbimv22017082m,Inward Rectifying Potassium Channel,miniN Search
Ocbimv22027398,Ocbimv22027398m,Inward rectifying potassium channel,Macosko cell type markers vs genome search
Ocbimv22027399,Ocbimv22027399m,Inward rectifying potassium channel,Macosko cell type markers vs genome search
Ocbimv22027400,Ocbimv22027400m,Inward Rectifying Potassium Channel,miniN Search
Ocbimv22027401,Ocbimv22027401m,Inward rectifying potassium channel,Macosko cell type markers vs genome search
Ocbimv22006089,Ocbimv22006089m,MAGUK Family,miniN Search
Ocbimv22038367,Ocbimv22038367m,MAGUK Family,miniN Search
Ocbimv22023308,Ocbimv22023308m,Netrin,miniN Search
Ocbimv22023309,Ocbimv22023309m,Netrin,miniN Search
Ocbimv22016509,Ocbimv22016509m,Nodal,miniN Search
Ocbimv22035203,Ocbimv22035203m,Nodal,miniN Search
Ocbimv22001833,Ocbimv22001833m,NPT-like,miniN Search
Ocbimv22024479,Ocbimv22024479m,NPT-like,miniN Search
Ocbimv22035082,Ocbimv22035082m,NPT-like,miniN Search
Ocbimv22035083,Ocbimv22035083m,NPT-like,miniN Search
Ocbimv22018254,Ocbimv22018254m,Organic cation transporter,Sepia neuropeptides vs Gen e10
Ocbimv22018254,Ocbimv22018254m,Organic cation transporter protein,Genome BLAST e10 w Sepia NPs 
Ocbimv22038839,Ocbimv22038839m,PH and SEC7 Domain Containing Protein,miniN Search
Ocbimv22003970,Ocbimv22003970m,Phenylalanine-4-Hydroxylase Like,miniN Search
Ocbimv22006407,Ocbimv22006407m,Plexin,miniN Search
Ocbimv22016454,Ocbimv22016454m,Plexin,miniN Search
Ocbimv22017800,Ocbimv22017800m,Plexin,miniN Search
Ocbimv22021576,Ocbimv22021576m,Plexin,miniN Search
Ocbimv22026748,Ocbimv22026748m,Plexin,miniN Search
Ocbimv22038589,Ocbimv22038589m,Plexin,miniN Search
Ocbimv22027407,Ocbimv22027407m,Polycystic Kidney Disease Protein Like,miniN Search
Ocbimv22000601,Ocbimv22000601m,Potassium Channel,miniN Search
Ocbimv22001877,Ocbimv22001877m,Potassium Channel,miniN Search
Ocbimv22002775,Ocbimv22002775m,Potassium Channel,miniN Search
Ocbimv22003850,Ocbimv22003850m,Potassium Channel,miniN Search
Ocbimv22004670,Ocbimv22004670m,Potassium Channel,miniN Search
Ocbimv22011680,Ocbimv22011680m,Potassium Channel,miniN Search
Ocbimv22019520,Ocbimv22019520m,Potassium Channel,miniN Search
Ocbimv22025190,Ocbimv22025190m,Potassium Channel,miniN Search
Ocbimv22025724,Ocbimv22025724m,Potassium Channel,miniN Search
Ocbimv22031907,Ocbimv22031907m,Potassium Channel,miniN Search
Ocbimv22036546,Ocbimv22036546m,Potassium Channel,miniN Search
Ocbimv22037118,Ocbimv22037118m,Potassium Channel,miniN Search
Ocbimv22037120,Ocbimv22037120m,Potassium Channel,miniN Search
Ocbimv22026786,Ocbimv22026786m,Potassium/Sodium Hyperpolarization-Activated Cyclic Nucleotide Gated Channel,miniN Search
Ocbimv22026787,Ocbimv22026787m,Potassium/Sodium Hyperpolarization-Activated Cyclic Nucleotide Gated Channel,miniN Search
Ocbimv22023196,Ocbimv22023196m,Protein Crumbs Like,miniN Search
Ocbimv22001871,Ocbimv22001871m,Protein unc-13 homolog like,Macosko cell type markers vs genome search
Ocbimv22007411,Ocbimv22007411m,RAB11B,miniN Search
Ocbimv22012775,Ocbimv22012775m,RAB13,miniN Search
Ocbimv22032309,Ocbimv22032309m,RAB13,miniN Search
Ocbimv22039192,Ocbimv22039192m,RAB14,miniN Search
Ocbimv22027385,Ocbimv22027385m,RAB18,miniN Search
Ocbimv22024910,Ocbimv22024910m,RAB1A,miniN Search
Ocbimv22025235,Ocbimv22025235m,RAB21,miniN Search
Ocbimv22032322,Ocbimv22032322m,RAB21,miniN Search
Ocbimv22028467,Ocbimv22028467m,RAB22,miniN Search
Ocbimv22007941,Ocbimv22007941m,RAB2A,miniN Search
Ocbimv22000262,Ocbimv22000262m,RAB3,miniN Search
Ocbimv22026870,Ocbimv22026870m,rab3 GTPase Activating Protein Catalytic Subunit,miniN Search
Ocbimv22021984,Ocbimv22021984m,RAB30,miniN Search
Ocbimv22009957,Ocbimv22009957m,RAB32,miniN Search
Ocbimv22021979,Ocbimv22021979m,RAB33,miniN Search
Ocbimv22019995,Ocbimv22019995m,RAB39,miniN Search
Ocbimv22015744,Ocbimv22015744m,RAB4B,miniN Search
Ocbimv22028250,Ocbimv22028250m,RAB6,miniN Search
Ocbimv22009069,Ocbimv22009069m,RAB9,miniN Search
Ocbimv22011994,Ocbimv22011994m,ras-Related Protein Rab5 like,miniN Search
Ocbimv22011995,Ocbimv22011995m,ras-Related Protein Rab5 like,miniN Search
Ocbimv22039063,Ocbimv22039063m,ras-Related Protein Rab5 like,miniN Search
Ocbimv22018475,Ocbimv22018475m,ras-Related Protein Rab7 like,miniN Search
Ocbimv22028979,Ocbimv22028979m,ras-Related Protein Rab7 like,miniN Search
Ocbimv22001345,Ocbimv22001345m,ROBO,miniN Search
Ocbimv22031997,Ocbimv22031997m,ROBO,miniN Search
Ocbimv22031998,Ocbimv22031998m,ROBO,miniN Search
Ocbimv22010657,Ocbimv22010657m,Ryanodine Receptor,Genome Search
Ocbimv22015240,Ocbimv22015240m,Semaphorin,miniN Search
Ocbimv22017796,Ocbimv22017796m,Semaphorin,miniN Search
Ocbimv22023964,Ocbimv22023964m,Semaphorin,miniN Search
Ocbimv22005716,Ocbimv22005716m,Septin Like,miniN Search
Ocbimv22004649,Ocbimv22004649m,Slit,miniN Search
Ocbimv22006321,Ocbimv22006321m,Slit,miniN Search
Ocbimv22006322,Ocbimv22006322m,Slit,miniN Search
Ocbimv22034013,Ocbimv22034013m,Slit,miniN Search
Ocbimv22028847,Ocbimv22028847m,Snap25,miniN Search
Ocbimv22000955,Ocbimv22000955m,"Sodium and chloride dependent dopamine, glycine or proline transporter",Macosko cell type markers vs genome search
Ocbimv22001491,Ocbimv22001491m,Sodium and Chloride Dependent GABA transporter,miniN Search
Ocbimv22002688,Ocbimv22002688m,Sodium and Chloride Dependent GABA transporter,miniN Search
Ocbimv22006176,Ocbimv22006176m,Sodium and Chloride Dependent GABA Transporter,miniN Search
Ocbimv22009317,Ocbimv22009317m,Sodium and Chloride Dependent GABA Transporter,miniN Search
Ocbimv22025339,Ocbimv22025339m,Sodium and Chloride Dependent GABA transporter (some hits to taurine transporter),miniN Search
Ocbimv22000953,Ocbimv22000953m,Sodium and chloride dependent glycine or proline transporter,Macosko cell type markers vs genome search
Ocbimv22000954,Ocbimv22000954m,Sodium and Chloride Dependent Glycine Transporter,miniN Search
Ocbimv22000956,Ocbimv22000956m,Sodium and Chloride Dependent Glycine Transporter,miniN Search
Ocbimv22006761,Ocbimv22006761m,Sodium and Chloride Dependent Glycine Transporter,miniN Search
Ocbimv22007106,Ocbimv22007106m,Sodium and Chloride Dependent Glycine Transporter,miniN Search
Ocbimv22007590,Ocbimv22007590m,Sodium and Chloride Dependent Glycine Transporter,miniN Search
Ocbimv22007737,Ocbimv22007737m,Sodium and Chloride Dependent Glycine Transporter,miniN Search
Ocbimv22011986,Ocbimv22011986m,Sodium and Chloride Dependent Glycine Transporter,miniN Search
Ocbimv22014455,Ocbimv22014455m,Sodium and Chloride Dependent Glycine Transporter,miniN Search
Ocbimv22016401,Ocbimv22016401m,Sodium and Chloride Dependent Glycine Transporter,miniN Search
Ocbimv22018350,Ocbimv22018350m,Sodium and Chloride Dependent Glycine Transporter,miniN Search
Ocbimv22022648,Ocbimv22022648m,Sodium and Chloride Dependent Glycine Transporter,miniN Search
Ocbimv22034419,Ocbimv22034419m,Sodium and Chloride Dependent Glycine Transporter,miniN Search
Ocbimv22034420,Ocbimv22034420m,Sodium and Chloride Dependent Glycine Transporter,miniN Search
Ocbimv22034899,Ocbimv22034899m,Sodium and Chloride Dependent Glycine Transporter,miniN Search
Ocbimv22014730,Ocbimv22014730m,Sodium and Chloride Dependent Glycine/Neutral Amino Acid Transporter,miniN Search
Ocbimv22026936,Ocbimv22026936m,Sodium and chloride dependent neurotransmitter transporter,Macosko cell type markers vs genome search
Ocbimv22014671,Ocbimv22014671m,Sodium and Chloride Dependent Neutral Amino Acid Transporter,miniN Search
Ocbimv22014672,Ocbimv22014672m,Sodium and Chloride Dependent Neutral Amino Acid Transporter,miniN Search
Ocbimv22014673,Ocbimv22014673m,Sodium and Chloride Dependent Neutral Amino Acid Transporter,miniN Search
Ocbimv22017051,Ocbimv22017051m,Sodium and Chloride Dependent Neutral Amino Acid Transporter,miniN Search
Ocbimv22018385,Ocbimv22018385m,Sodium and Chloride Dependent Neutral Amino Acid Transporter,miniN Search
Ocbimv22014154,Ocbimv22014154m,Sodium and Chloride Dependent Neutral and Basic Amino Acid Transporter,miniN Search
Ocbimv22024903,Ocbimv22024903m,Sodium and Chloride Dependent Taurine Transporter,miniN Search
Ocbimv22026856,Ocbimv22026856m,Sodium and Chloride Dependent Taurine Transporter,miniN Search
Ocbimv22029337,Ocbimv22029337m,Sodium and Chloride Dependent Taurine Transporter,miniN Search
Ocbimv22000303,Ocbimv22000303m,Sodium bicarbonate cotransporter,Genome reBLAST
Ocbimv22014670,Ocbimv22014670m,Sodium dependent aminoacid transporter,Macosko cell type markers vs genome search
Ocbimv22018386,Ocbimv22018386m,Sodium dependent aminoacid transporter,Macosko cell type markers vs genome search
Ocbimv22018388,Ocbimv22018388m,Sodium dependent aminoacid transporter,Macosko cell type markers vs genome search
Ocbimv22018387,Ocbimv22018387m,Sodium Dependent Neutral Amino Acid Transporter,miniN Search
Ocbimv22022818,Ocbimv22022818m,Sodium Dependent Neutral Amino Acid Transporter,miniN Search
Ocbimv22032218,Ocbimv22032218m,Sodium Dependent Neutral Amino Acid Transporter,miniN Search
Ocbimv22026818,Ocbimv22026818m,Sodium Dependent Noradrenaline or Dopamine Transporter (can't tell which),miniN Search
Ocbimv22034805,Ocbimv22034805m,Sodium Dependent Noradrenaline Transporter,miniN Search
Ocbimv22034806,Ocbimv22034806m,Sodium Dependent Noradrenaline Transporter,miniN Search
Ocbimv22006177,Ocbimv22006177m,Sodium Dependent Proline Transporter,miniN Search
Ocbimv22014627,Ocbimv22014627m,Sodium Dependent Proline Transporter,miniN Search
Ocbimv22008529,Ocbimv22008529m,Sodium Dependent Serotonin Transporter,miniN Search
Ocbimv22008529,Ocbimv22008529m,Sodium Dependent Serotonin Transporter Like,miniN Search
Ocbimv22009795,Ocbimv22009795m,Sodium Dependent Serotonin Transporter Like,miniN Search
Ocbimv22029836,Ocbimv22029836m,Sodium Leak Channel,miniN Search
Ocbimv22029837,Ocbimv22029837m,Sodium Leak Channel,miniN Search
Ocbimv22004574,Ocbimv22004574m,Sodium-coupled monocarboxylate transporter,Genome reBLAST
Ocbimv22038282,Ocbimv22038282m,Solute carrier organic anion transporter,Sepia neuropeptides vs Gen e10
Ocbimv22038282,Ocbimv22038282m,Solute carrier organic anion transporter protein,Genome BLAST e10 w Sepia NPs 
Ocbimv22001378,Ocbimv22001378m,Solute Carrier Transporter,miniN Search
Ocbimv22006597,Ocbimv22006597m,Solute Carrier Transporter,Genome reBLAST
Ocbimv22006598,Ocbimv22006598m,Solute Carrier Transporter,Genome reBLAST
Ocbimv22006599,Ocbimv22006599m,Solute Carrier Transporter,miniN Search
Ocbimv22006599,Ocbimv22006599m,Solute carrier transporter,Carrie's devo genes vs Genome e10
Ocbimv22006601,Ocbimv22006601m,Solute Carrier Transporter,Genome reBLAST
Ocbimv22006602,Ocbimv22006602m,Solute Carrier Transporter,Genome reBLAST
Ocbimv22006779,Ocbimv22006779m,Solute carrier transporter,Genome reBLAST
Ocbimv22006821,Ocbimv22006821m,Solute Carrier Transporter,miniN Search
Ocbimv22006822,Ocbimv22006822m,Solute Carrier Transporter,miniN Search
Ocbimv22006823,Ocbimv22006823m,Solute Carrier Transporter,miniN Search
Ocbimv22006824,Ocbimv22006824m,Solute carrier transporter,Macosko cell type markers vs genome search
Ocbimv22006825,Ocbimv22006825m,Solute Carrier Transporter,miniN Search
Ocbimv22006826,Ocbimv22006826m,Solute Carrier Transporter,miniN Search
Ocbimv22006827,Ocbimv22006827m,Solute Carrier Transporter,miniN Search
Ocbimv22006828,Ocbimv22006828m,Solute Carrier Transporter,miniN Search
Ocbimv22006829,Ocbimv22006829m,Solute Carrier Transporter,miniN Search
Ocbimv22006830,Ocbimv22006830m,Solute Carrier Transporter,miniN Search
Ocbimv22009118,Ocbimv22009118m,Solute Carrier Transporter,miniN Search
Ocbimv22009119,Ocbimv22009119m,Solute Carrier Transporter,miniN Search
Ocbimv22009120,Ocbimv22009120m,Solute Carrier Transporter,miniN Search
Ocbimv22009121,Ocbimv22009121m,Solute Carrier Transporter,miniN Search
Ocbimv22009122,Ocbimv22009122m,Solute carrier transporter,Macosko cell type markers vs genome search
Ocbimv22009123,Ocbimv22009123m,Solute Carrier Transporter,miniN Search
Ocbimv22009124,Ocbimv22009124m,Solute Carrier Transporter,miniN Search
Ocbimv22009125,Ocbimv22009125m,Solute Carrier Transporter,miniN Search
Ocbimv22009126,Ocbimv22009126m,Solute Carrier Transporter,miniN Search
Ocbimv22009127,Ocbimv22009127m,Solute Carrier Transporter,miniN Search
Ocbimv22009128,Ocbimv22009128m,Solute Carrier Transporter,miniN Search
Ocbimv22009130,Ocbimv22009130m,Solute Carrier Transporter,miniN Search
Ocbimv22009131,Ocbimv22009131m,Solute Carrier Transporter,miniN Search
Ocbimv22011649,Ocbimv22011649m,Solute Carrier Transporter,miniN Search
Ocbimv22013070,Ocbimv22013070m,Solute Carrier Transporter,Genome reBLAST
Ocbimv22016399,Ocbimv22016399m,Solute Carrier Transporter,miniN Search
Ocbimv22020106,Ocbimv22020106m,Solute Carrier Transporter,miniN Search
Ocbimv22020930,Ocbimv22020930m,Solute Carrier Transporter,miniN Search
Ocbimv22021488,Ocbimv22021488m,Solute Carrier Transporter,Genome reBLAST
Ocbimv22024196,Ocbimv22024196m,Solute Carrier Transporter,miniN Search
Ocbimv22025742,Ocbimv22025742m,Solute carrier transporter,Sepia neuropeptides vs Gen e10
Ocbimv22025743,Ocbimv22025743m,Solute carrier transporter,Sepia neuropeptides vs Gen e10
Ocbimv22030528,Ocbimv22030528m,Solute Carrier Transporter,miniN Search
Ocbimv22032045,Ocbimv22032045m,Solute Carrier Transporter,miniN Search
Ocbimv22032046,Ocbimv22032046m,Solute carrier transporter,Macosko cell type markers vs genome search
Ocbimv22034883,Ocbimv22034883m,Solute Carrier Transporter,Genome reBLAST
Ocbimv22035287,Ocbimv22035287m,Solute Carrier Transporter,miniN Search
Ocbimv22035288,Ocbimv22035288m,Solute Carrier Transporter,miniN Search
Ocbimv22035289,Ocbimv22035289m,Solute Carrier Transporter,miniN Search
Ocbimv22035290,Ocbimv22035290m,Solute Carrier Transporter,miniN Search
Ocbimv22035291,Ocbimv22035291m,Solute Carrier Transporter,miniN Search
Ocbimv22035292,Ocbimv22035292m,Solute Carrier Transporter,miniN Search
Ocbimv22035293,Ocbimv22035293m,Solute Carrier Transporter,miniN Search
Ocbimv22008392,Ocbimv22008392m,"Solute carrier transporter, organic anions",Genome search w other species NPs e10
Ocbimv22008393,Ocbimv22008393m,"Solute carrier transporter, organic anions",Genome search w other species NPs e10
Ocbimv22025742,Ocbimv22025742m,Solute carrier transporters,Genome BLAST e10 w Sepia NPs 
Ocbimv22025743,Ocbimv22025743m,Solute carrier transporters,Genome BLAST e10 w Sepia NPs 
Ocbimv22035839,Ocbimv22035839m,SrGAP,miniN Search
Ocbimv22015285,Ocbimv22015285m,Striatin Like,miniN Search
Ocbimv22010245,Ocbimv22010245m,Synaptic Vesicle 2 Related Protein Like,miniN Search
Ocbimv22032030,Ocbimv22032030m,Synaptic Vesicle 2 Related Protein Like,miniN Search
Ocbimv22027196,Ocbimv22027196m,Synaptic Vesicle Glycoprotein,miniN Search
Ocbimv22030735,Ocbimv22030735m,Synaptic vesicle glycoprotein 2C like,Closest match to a Marker Gene
Ocbimv22004667,Ocbimv22004667m,Synaptic Vesicular Amine Transporter,miniN Search
Ocbimv22006819,Ocbimv22006819m,Synaptic Vesicular Amine Transporter,miniN Search
Ocbimv22006820,Ocbimv22006820m,Synaptic Vesicular Amine Transporter,miniN Search
Ocbimv22028871,Ocbimv22028871m,Synaptic Vesicular Amine Transporter,miniN Search
Ocbimv22022698,Ocbimv22022698m,Synaptobrevin (VERY few hits),miniN Search
Ocbimv22025874,Ocbimv22025874m,Synaptogyrin Like,miniN Search
Ocbimv22000645,Ocbimv22000645m,Synaptophysin,miniN Search
Ocbimv22003855,Ocbimv22003855m,Synaptosomal Associated Protein 25 Like,miniN Search
Ocbimv22028847,Ocbimv22028847m,Synaptosomal Associated Protein 25 Like,miniN Search
Ocbimv22008295,Ocbimv22008295m,Synaptotagmin,Macosko cell type markers vs genome search
Ocbimv22008295,Ocbimv22008295m,Synaptotagmin,Macosko cell type markers vs genome search
Ocbimv22021174,Ocbimv22021174m,Synaptotagmin,Macosko cell type markers vs genome search
Ocbimv22021175,Ocbimv22021175m,Synaptotagmin,
Ocbimv22037831,Ocbimv22037831m,Synaptotagmin,Macosko cell type markers vs genome search
Ocbimv22001059,Ocbimv22001059m,Synaptotagmin 1/5,miniN Search
Ocbimv22002123,Ocbimv22002123m,Synaptotagmin 11/4,miniN Search
Ocbimv22002124,Ocbimv22002124m,Synaptotagmin 11/4,miniN Search
Ocbimv22021168,Ocbimv22021168m,Synaptotagmin 12,miniN Search
Ocbimv22032876,Ocbimv22032876m,Synaptotagmin 14/16,miniN Search
Ocbimv22032877,Ocbimv22032877m,Synaptotagmin 14/16,miniN Search
Ocbimv22017359,Ocbimv22017359m,Synaptotagmin 15,miniN Search
Ocbimv22003739,Ocbimv22003739m,Synaptotagmin 17,miniN Search
Ocbimv22001081,Ocbimv22001081m,Synaptotagmin 5/6,miniN Search
Ocbimv22024656,Ocbimv22024656m,Synaptotagmin 5/6,miniN Search
Ocbimv22015581,Ocbimv22015581m,Synaptotagmin 9/10,miniN Search
Ocbimv22001080,Ocbimv22001080m,Synaptotagmin like,Macosko cell type markers vs genome search
Ocbimv22024206,Ocbimv22024206m,Syntaxin,Genome reBLAST
Ocbimv22036636,Ocbimv22036636m,Syntaxin 16 Like,miniN Search
Ocbimv22024205,Ocbimv22024205m,Syntaxin 7 Like,miniN Search
Ocbimv22031865,Ocbimv22031865m,Syntaxin 7 Like,miniN Search
Ocbimv22006336,Ocbimv22006336m,Syntaxin Like,miniN Search
Ocbimv22010625,Ocbimv22010625m,Thiamine transporter,Genome reBLAST
Ocbimv22002671,Ocbimv22002671m,Transient Receptor Potential Cation Channel,miniN Search
Ocbimv22003285,Ocbimv22003285m,Transient Receptor Potential Cation Channel,miniN Search
Ocbimv22003286,Ocbimv22003286m,Transient Receptor Potential Cation Channel,miniN Search
Ocbimv22003714,Ocbimv22003714m,Transient Receptor Potential Cation Channel,miniN Search
Ocbimv22003715,Ocbimv22003715m,Transient Receptor Potential Cation Channel,miniN Search
Ocbimv22004855,Ocbimv22004855m,Transient Receptor Potential Cation Channel,miniN Search
Ocbimv22006230,Ocbimv22006230m,Transient Receptor Potential Cation Channel,miniN Search
Ocbimv22008970,Ocbimv22008970m,Transient Receptor Potential Cation Channel,miniN Search
Ocbimv22010114,Ocbimv22010114m,Transient Receptor Potential Cation Channel,miniN Search
Ocbimv22011243,Ocbimv22011243m,Transient Receptor Potential Cation Channel,miniN Search
Ocbimv22011808,Ocbimv22011808m,Transient Receptor Potential Cation Channel,miniN Search
Ocbimv22012023,Ocbimv22012023m,Transient Receptor Potential Cation Channel,miniN Search
Ocbimv22013545,Ocbimv22013545m,Transient Receptor Potential Cation Channel,miniN Search
Ocbimv22017335,Ocbimv22017335m,Transient Receptor Potential Cation Channel,miniN Search
Ocbimv22018686,Ocbimv22018686m,Transient Receptor Potential Cation Channel,miniN Search
Ocbimv22018761,Ocbimv22018761m,Transient Receptor Potential Cation Channel,miniN Search
Ocbimv22020009,Ocbimv22020009m,Transient Receptor Potential Cation Channel,miniN Search
Ocbimv22020010,Ocbimv22020010m,Transient Receptor Potential Cation Channel,miniN Search
Ocbimv22020063,Ocbimv22020063m,Transient Receptor Potential Cation Channel,miniN Search
Ocbimv22020253,Ocbimv22020253m,Transient Receptor Potential Cation Channel,miniN Search
Ocbimv22021932,Ocbimv22021932m,Transient Receptor Potential Cation Channel,miniN Search
Ocbimv22024352,Ocbimv22024352m,Transient Receptor Potential Cation Channel,miniN Search
Ocbimv22024689,Ocbimv22024689m,Transient Receptor Potential Cation Channel,miniN Search
Ocbimv22026065,Ocbimv22026065m,Transient Receptor Potential Cation Channel,miniN Search
Ocbimv22029120,Ocbimv22029120m,Transient Receptor Potential Cation Channel,miniN Search
Ocbimv22030234,Ocbimv22030234m,Transient Receptor Potential Cation Channel,miniN Search
Ocbimv22033070,Ocbimv22033070m,Transient Receptor Potential Cation Channel,miniN Search
Ocbimv22033596,Ocbimv22033596m,Transient Receptor Potential Cation Channel,miniN Search
Ocbimv22034823,Ocbimv22034823m,Transient Receptor Potential Cation Channel,miniN Search
Ocbimv22037055,Ocbimv22037055m,Transient Receptor Potential Cation Channel,miniN Search
Ocbimv22038251,Ocbimv22038251m,Transient Receptor Potential Cation Channel,miniN Search
Ocbimv22038252,Ocbimv22038252m,Transient Receptor Potential Cation Channel,miniN Search
Ocbimv22038253,Ocbimv22038253m,Transient Receptor Potential Cation Channel,miniN Search
Ocbimv22039458,Ocbimv22039458m,Transient Receptor Potential Cation Channel,miniN Search
Ocbimv22006807,Ocbimv22006807m,Transporter,miniN Search
Ocbimv22018351,Ocbimv22018351m,Transporter,miniN Search
Ocbimv22020167,Ocbimv22020167m,Transporter,miniN Search
Ocbimv22036889,Ocbimv22036889m,Transporter,miniN Search
Ocbimv22002672,Ocbimv22002672m,TRP channel,Macosko cell type markers vs genome search
Ocbimv22010115,Ocbimv22010115m,TRP channel,Macosko cell type markers vs genome search
Ocbimv22011809,Ocbimv22011809m,TRP channel,Genome reBLAST
Ocbimv22017334,Ocbimv22017334m,TRP channel,Macosko cell type markers vs genome search
Ocbimv22017336,Ocbimv22017336m,TRP channel,Macosko cell type markers vs genome search
Ocbimv22017337,Ocbimv22017337m,TRP channel,Macosko cell type markers vs genome search
Ocbimv22033597,Ocbimv22033597m,TRP channel,Macosko cell type markers vs genome search
Ocbimv22029695,Ocbimv22029695m,Tryptophan 5-Hydroxylase Like,miniN Search
Ocbimv22003235,Ocbimv22003235m,Two Pore Calcium Channel,miniN Search
Ocbimv22007677,Ocbimv22007677m,Two pore calcium channel,Genome reBLAST
Ocbimv22007678,Ocbimv22007678m,Two Pore Calcium Channel,miniN Search
Ocbimv22037651,Ocbimv22037651m,Two Pore Calcium Channel,miniN Search
Ocbimv22001612,Ocbimv22001612m,unc 13 Homolog,miniN Search
Ocbimv22001872,Ocbimv22001872m,unc 13 Homolog,miniN Search
Ocbimv22014003,Ocbimv22014003m,UNC13,Macosko cell type markers vs genome search
Ocbimv22001873,Ocbimv22001873m,UNC13 homolog like,Genome reBLAST
Ocbimv22001874,Ocbimv22001874m,UNC13 homolog like,Genome reBLAST
Ocbimv22009339,Ocbimv22009339m,UNC5,miniN Search
Ocbimv22009809,Ocbimv22009809m,UNC5,miniN Search
Ocbimv22030182,Ocbimv22030182m,UNC5,miniN Search
Ocbimv22030183,Ocbimv22030183m,UNC5C like,GenReBLAST with all e10
Ocbimv22036500,Ocbimv22036500m,Vesicle -Fusing ATPase Like,miniN Search
Ocbimv22006078,Ocbimv22006078m,Vesicle Transport Through Interaction With t-SNAREs homolog,miniN Search
Ocbimv22007783,Ocbimv22007783m,Vesicle Transport Through Interaction With t-SNAREs homolog,miniN Search
Ocbimv22031398,Ocbimv22031398m,Vesicle-Associated Membrane Protein (VERY few hits),miniN Search
Ocbimv22009491,Ocbimv22009491m,Vesicular Glutamate Transporter Like,miniN Search
Ocbimv22008941,Ocbimv22008941m,Vesicular Inhibitory Amino Acid Transporter,miniN Search
Ocbimv22024718,Ocbimv22024718m,VGlut,miniN Search
Ocbimv22009492,Ocbimv22009492m,VGlut Like,miniN Search
Ocbimv22031711,Ocbimv22031711m,VNUT,miniN Search
Ocbimv22015584,Ocbimv22015584m,VNUT-like,miniN Search
Ocbimv22026733,Ocbimv22026733m,VNUT-like,miniN Search
Ocbimv22033921,Ocbimv22033921m,Voltage Dependent Anion Selective Channel Protein,miniN Search
Ocbimv22000016,Ocbimv22000016m,Voltage dependent calcium channel,Genome reBLAST
Ocbimv22000017,Ocbimv22000017m,Voltage dependent calcium channel,Genome reBLAST
Ocbimv22000018,Ocbimv22000018m,Voltage dependent calcium channel,Genome reBLAST
Ocbimv22000019,Ocbimv22000019m,Voltage dependent calcium channel,Genome reBLAST
Ocbimv22000020,Ocbimv22000020m,Voltage dependent calcium channel,Genome reBLAST
Ocbimv22000022,Ocbimv22000022m,Voltage dependent calcium channel,Genome reBLAST
Ocbimv22020779,Ocbimv22020779m,Voltage dependent calcium channel,Genome reBLAST
Ocbimv22020781,Ocbimv22020781m,Voltage dependent calcium channel,Genome reBLAST
Ocbimv22020782,Ocbimv22020782m,Voltage dependent calcium channel,Genome reBLAST
Ocbimv22036624,Ocbimv22036624m,Voltage Dependent Calcium Channel,miniN Search
Ocbimv22024219,Ocbimv22024219m,Voltage dependent calcium channel gamma subunit,Closest match to a Marker Gene
Ocbimv22000021,Ocbimv22000021m,Voltage Gated Calcium Channel,miniN Search
Ocbimv22020778,Ocbimv22020778m,Voltage Gated Calcium Channel,miniN Search
Ocbimv22020780,Ocbimv22020780m,Voltage Gated Calcium Channel,miniN Search
Ocbimv22020783,Ocbimv22020783m,Voltage Gated Calcium Channel,miniN Search
Ocbimv22036622,Ocbimv22036622m,Voltage Gated Calcium Channel,miniN Search
Ocbimv22036623,Ocbimv22036623m,Voltage Gated Calcium Channel,miniN Search
Ocbimv22036625,Ocbimv22036625m,Voltage Gated Calcium Channel,miniN Search
Ocbimv22036626,Ocbimv22036626m,Voltage Gated Calcium Channel,miniN Search
Ocbimv22001417,Ocbimv22001417m,Voltage gated chloride channel,Genome reBLAST
Ocbimv22001418,Ocbimv22001418m,Voltage gated chloride channel,Genome reBLAST
Ocbimv22001419,Ocbimv22001419m,Voltage gated chloride channel,Genome reBLAST
Ocbimv22007285,Ocbimv22007285m,Voltage gated chloride channel,Genome reBLAST
Ocbimv22028520,Ocbimv22028520m,Voltage gated chloride channel,Genome reBLAST
Ocbimv22028521,Ocbimv22028521m,Voltage gated chloride channel,Genome reBLAST
Ocbimv22039201,Ocbimv22039201m,Voltage gated chloride channel,Genome reBLAST
Ocbimv22039202,Ocbimv22039202m,Voltage gated chloride channel,Genome reBLAST
Ocbimv22039203,Ocbimv22039203m,Voltage gated chloride channel,Genome reBLAST
Ocbimv22017489,Ocbimv22017489m,Voltage Gated Hydrogen Channel,miniN Search
Ocbimv22000184,Ocbimv22000184m,Voltage Gated Potassium Channel,miniN Search
Ocbimv22002839,Ocbimv22002839m,Voltage Gated Potassium Channel,miniN Search
Ocbimv22003033,Ocbimv22003033m,Voltage Gated Potassium Channel,miniN Search
Ocbimv22003034,Ocbimv22003034m,Voltage gated potassium channel,Genome reBLAST
Ocbimv22003885,Ocbimv22003885m,Voltage Gated Potassium Channel,miniN Search
Ocbimv22003886,Ocbimv22003886m,Voltage Gated Potassium Channel,miniN Search
Ocbimv22004069,Ocbimv22004069m,Voltage Gated Potassium Channel,miniN Search
Ocbimv22004889,Ocbimv22004889m,Voltage Gated Potassium Channel,miniN Search
Ocbimv22004890,Ocbimv22004890m,Voltage Gated Potassium Channel,miniN Search
Ocbimv22005260,Ocbimv22005260m,Voltage Gated Potassium Channel,miniN Search
Ocbimv22005261,Ocbimv22005261m,Voltage Gated Potassium Channel,miniN Search
Ocbimv22006154,Ocbimv22006154m,Voltage gated potassium channel,Genome reBLAST
Ocbimv22006155,Ocbimv22006155m,Voltage gated potassium channel,Genome reBLAST
Ocbimv22006156,Ocbimv22006156m,Voltage gated potassium channel,Genome reBLAST
Ocbimv22006157,Ocbimv22006157m,Voltage gated potassium channel,Genome reBLAST
Ocbimv22006158,Ocbimv22006158m,Voltage Gated Potassium Channel,miniN Search
Ocbimv22006159,Ocbimv22006159m,Voltage Gated Potassium Channel,miniN Search
Ocbimv22006160,Ocbimv22006160m,Voltage Gated Potassium Channel,miniN Search
Ocbimv22006414,Ocbimv22006414m,Voltage Gated Potassium Channel,miniN Search
Ocbimv22008157,Ocbimv22008157m,Voltage Gated Potassium Channel,miniN Search
Ocbimv22009151,Ocbimv22009151m,Voltage Gated Potassium Channel,miniN Search
Ocbimv22009736,Ocbimv22009736m,Voltage Gated Potassium Channel,miniN Search
Ocbimv22009737,Ocbimv22009737m,Voltage gated potassium channel,Genome reBLAST
Ocbimv22011279,Ocbimv22011279m,Voltage gated potassium channel,Genome reBLAST
Ocbimv22011280,Ocbimv22011280m,Voltage Gated Potassium Channel,miniN Search
Ocbimv22018188,Ocbimv22018188m,Voltage Gated Potassium Channel,miniN Search
Ocbimv22018189,Ocbimv22018189m,Voltage Gated Potassium Channel,miniN Search
Ocbimv22018592,Ocbimv22018592m,Voltage Gated Potassium Channel,miniN Search
Ocbimv22024379,Ocbimv22024379m,Voltage Gated Potassium Channel,miniN Search
Ocbimv22025931,Ocbimv22025931m,Voltage Gated Potassium Channel,miniN Search
Ocbimv22025933,Ocbimv22025933m,Voltage Gated Potassium Channel,miniN Search
Ocbimv22027865,Ocbimv22027865m,Voltage Gated Potassium Channel,miniN Search
Ocbimv22032471,Ocbimv22032471m,Voltage Gated Potassium Channel,miniN Search
Ocbimv22034937,Ocbimv22034937m,Voltage Gated Potassium Channel,miniN Search
Ocbimv22034938,Ocbimv22034938m,Voltage Gated Potassium Channel,miniN Search
Ocbimv22034939,Ocbimv22034939m,Voltage Gated Potassium Channel,miniN Search
Ocbimv22037661,Ocbimv22037661m,Voltage Gated Potassium Channel,miniN Search
Ocbimv22010179,Ocbimv22010179m,Voltage Gated Sodium Channel,miniN Search
Ocbimv22011497,Ocbimv22011497m,Voltage Gated Sodium Channel,miniN Search
Ocbimv22011498,Ocbimv22011498m,Voltage Gated Sodium Channel,miniN Search
Ocbimv22003778,Ocbimv22003778m,TRP channel,Droso markers reBLAST Gen e10
Ocbimv22004852,Ocbimv22004852m,TRP channel,Droso markers reBLAST Gen e10